{"Title":"BenchmarkRun-joined-2023-05-20-08-02-04","HostEnvironmentInfo":{"BenchmarkDotNetCaption":"BenchmarkDotNet","BenchmarkDotNetVersion":"0.13.5","OsVersion":"ubuntu 22.04","ProcessorName":"Intel Core i5-8600K CPU 3.60GHz (Coffee Lake)","PhysicalProcessorCount":1,"PhysicalCoreCount":6,"LogicalCoreCount":6,"RuntimeVersion":".NET 7.0.5 (7.0.523.17405)","Architecture":"X64","HasAttachedDebugger":false,"HasRyuJit":true,"Configuration":"RELEASE","DotNetCliVersion":"7.0.203","ChronometerFrequency":{"Hertz":1000000000},"HardwareTimerKind":"Unknown"},"Benchmarks":[{"DisplayInfo":"ChannelMuxBenchmarks.ChannelMux_LoopTryRead: DefaultJob","Namespace":"Benchmarks.InterThread.Benchmark","Type":"ChannelMuxBenchmarks","Method":"ChannelMux_LoopTryRead","MethodTitle":"ChannelMux_LoopTryRead","Parameters":"","FullName":"Benchmarks.InterThread.Benchmark.ChannelMuxBenchmarks.ChannelMux_LoopTryRead","HardwareIntrinsics":"AVX2,AES,BMI1,BMI2,FMA,LZCNT,PCLMUL,POPCNT VectorSize=256","Statistics":{"OriginalValues":[37591834.928571425,39071347.5,38017438.64285714,38278219.071428575,37436308.78571428,37280346.14285714,37734252.5,36955701.64285714,37585425.571428575,37508498.071428575,38621936.71428572,37816342.071428575,38001065.571428575,36765283.071428575],"N":14,"Min":36765283.071428575,"LowerFence":36615872.20535715,"Q1":37454356.10714286,"Median":37663043.71428572,"Mean":37761714.30612246,"Q3":38013345.375,"UpperFence":38851829.27678572,"Max":39071347.5,"InterquartileRange":558989.2678571418,"LowerOutliers":[],"UpperOutliers":[39071347.5],"AllOutliers":[39071347.5],"StandardError":164959.40288581135,"Variance":380962464406.20795,"StandardDeviation":617221.5683255147,"Skewness":0.4148151204965954,"Kurtosis":2.4837829609658173,"ConfidenceInterval":{"N":14,"Mean":37761714.30612246,"StandardError":164959.40288581135,"Level":12,"Margin":696265.8814840777,"Lower":37065448.42463838,"Upper":38457980.187606536},"Percentiles":{"P0":36765283.071428575,"P25":37454356.10714286,"P50":37663043.71428572,"P67":37947495.75642858,"P80":38121750.81428571,"P85":38295404.95357143,"P90":38518821.421428576,"P95":38779230.489285715,"P100":39071347.5}},"Memory":{"Gen0Collections":12,"Gen1Collections":3,"Gen2Collections":0,"TotalOperations":14,"BytesAllocatedPerOperation":4201950},"Measurements":[{"IterationMode":"Overhead","IterationStage":"Jitting","LaunchIndex":1,"IterationIndex":1,"Operations":1,"Nanoseconds":206372},{"IterationMode":"Workload","IterationStage":"Jitting","LaunchIndex":1,"IterationIndex":1,"Operations":1,"Nanoseconds":43096186},{"IterationMode":"Workload","IterationStage":"Pilot","LaunchIndex":1,"IterationIndex":1,"Operations":2,"Nanoseconds":71280776},{"IterationMode":"Workload","IterationStage":"Pilot","LaunchIndex":1,"IterationIndex":2,"Operations":3,"Nanoseconds":104137252},{"IterationMode":"Workload","IterationStage":"Pilot","LaunchIndex":1,"IterationIndex":3,"Operations":4,"Nanoseconds":145891787},{"IterationMode":"Workload","IterationStage":"Pilot","LaunchIndex":1,"IterationIndex":4,"Operations":5,"Nanoseconds":175325349},{"IterationMode":"Workload","IterationStage":"Pilot","LaunchIndex":1,"IterationIndex":5,"Operations":6,"Nanoseconds":217574621},{"IterationMode":"Workload","IterationStage":"Pilot","LaunchIndex":1,"IterationIndex":6,"Operations":7,"Nanoseconds":253821839},{"IterationMode":"Workload","IterationStage":"Pilot","LaunchIndex":1,"IterationIndex":7,"Operations":8,"Nanoseconds":297979502},{"IterationMode":"Workload","IterationStage":"Pilot","LaunchIndex":1,"IterationIndex":8,"Operations":9,"Nanoseconds":343696843},{"IterationMode":"Workload","IterationStage":"Pilot","LaunchIndex":1,"IterationIndex":9,"Operations":10,"Nanoseconds":389764674},{"IterationMode":"Workload","IterationStage":"Pilot","LaunchIndex":1,"IterationIndex":10,"Operations":11,"Nanoseconds":395984183},{"IterationMode":"Workload","IterationStage":"Pilot","LaunchIndex":1,"IterationIndex":11,"Operations":12,"Nanoseconds":444056628},{"IterationMode":"Workload","IterationStage":"Pilot","LaunchIndex":1,"IterationIndex":12,"Operations":13,"Nanoseconds":482631118},{"IterationMode":"Workload","IterationStage":"Pilot","LaunchIndex":1,"IterationIndex":13,"Operations":14,"Nanoseconds":522601008},{"IterationMode":"Workload","IterationStage":"Warmup","LaunchIndex":1,"IterationIndex":1,"Operations":14,"Nanoseconds":513990205},{"IterationMode":"Workload","IterationStage":"Warmup","LaunchIndex":1,"IterationIndex":2,"Operations":14,"Nanoseconds":514742642},{"IterationMode":"Workload","IterationStage":"Warmup","LaunchIndex":1,"IterationIndex":3,"Operations":14,"Nanoseconds":515794776},{"IterationMode":"Workload","IterationStage":"Warmup","LaunchIndex":1,"IterationIndex":4,"Operations":14,"Nanoseconds":516725102},{"IterationMode":"Workload","IterationStage":"Warmup","LaunchIndex":1,"IterationIndex":5,"Operations":14,"Nanoseconds":500099466},{"IterationMode":"Workload","IterationStage":"Warmup","LaunchIndex":1,"IterationIndex":6,"Operations":14,"Nanoseconds":510435359},{"IterationMode":"Workload","IterationStage":"Warmup","LaunchIndex":1,"IterationIndex":7,"Operations":14,"Nanoseconds":548434524},{"IterationMode":"Workload","IterationStage":"Warmup","LaunchIndex":1,"IterationIndex":8,"Operations":14,"Nanoseconds":509382020},{"IterationMode":"Workload","IterationStage":"Actual","LaunchIndex":1,"IterationIndex":1,"Operations":14,"Nanoseconds":526285689},{"IterationMode":"Workload","IterationStage":"Actual","LaunchIndex":1,"IterationIndex":2,"Operations":14,"Nanoseconds":546998865},{"IterationMode":"Workload","IterationStage":"Actual","LaunchIndex":1,"IterationIndex":3,"Operations":14,"Nanoseconds":532244141},{"IterationMode":"Workload","IterationStage":"Actual","LaunchIndex":1,"IterationIndex":4,"Operations":14,"Nanoseconds":535895067},{"IterationMode":"Workload","IterationStage":"Actual","LaunchIndex":1,"IterationIndex":5,"Operations":14,"Nanoseconds":524108323},{"IterationMode":"Workload","IterationStage":"Actual","LaunchIndex":1,"IterationIndex":6,"Operations":14,"Nanoseconds":521924846},{"IterationMode":"Workload","IterationStage":"Actual","LaunchIndex":1,"IterationIndex":7,"Operations":14,"Nanoseconds":528279535},{"IterationMode":"Workload","IterationStage":"Actual","LaunchIndex":1,"IterationIndex":8,"Operations":14,"Nanoseconds":517379823},{"IterationMode":"Workload","IterationStage":"Actual","LaunchIndex":1,"IterationIndex":9,"Operations":14,"Nanoseconds":526195958},{"IterationMode":"Workload","IterationStage":"Actual","LaunchIndex":1,"IterationIndex":10,"Operations":14,"Nanoseconds":525118973},{"IterationMode":"Workload","IterationStage":"Actual","LaunchIndex":1,"IterationIndex":11,"Operations":14,"Nanoseconds":540707114},{"IterationMode":"Workload","IterationStage":"Actual","LaunchIndex":1,"IterationIndex":12,"Operations":14,"Nanoseconds":529428789},{"IterationMode":"Workload","IterationStage":"Actual","LaunchIndex":1,"IterationIndex":13,"Operations":14,"Nanoseconds":532014918},{"IterationMode":"Workload","IterationStage":"Actual","LaunchIndex":1,"IterationIndex":14,"Operations":14,"Nanoseconds":558035535},{"IterationMode":"Workload","IterationStage":"Actual","LaunchIndex":1,"IterationIndex":15,"Operations":14,"Nanoseconds":514713963},{"IterationMode":"Workload","IterationStage":"Result","LaunchIndex":1,"IterationIndex":1,"Operations":14,"Nanoseconds":526285689},{"IterationMode":"Workload","IterationStage":"Result","LaunchIndex":1,"IterationIndex":2,"Operations":14,"Nanoseconds":546998865},{"IterationMode":"Workload","IterationStage":"Result","LaunchIndex":1,"IterationIndex":3,"Operations":14,"Nanoseconds":532244141},{"IterationMode":"Workload","IterationStage":"Result","LaunchIndex":1,"IterationIndex":4,"Operations":14,"Nanoseconds":535895067},{"IterationMode":"Workload","IterationStage":"Result","LaunchIndex":1,"IterationIndex":5,"Operations":14,"Nanoseconds":524108323},{"IterationMode":"Workload","IterationStage":"Result","LaunchIndex":1,"IterationIndex":6,"Operations":14,