{"Title":"BenchmarkRun-joined-2023-05-21-05-14-07","HostEnvironmentInfo":{"BenchmarkDotNetCaption":"BenchmarkDotNet","BenchmarkDotNetVersion":"0.13.5","OsVersion":"ubuntu 22.04","ProcessorName":"Intel Core i5-8600K CPU 3.60GHz (Coffee Lake)","PhysicalProcessorCount":1,"PhysicalCoreCount":6,"LogicalCoreCount":6,"RuntimeVersion":".NET 7.0.5 (7.0.523.17405)","Architecture":"X64","HasAttachedDebugger":false,"HasRyuJit":true,"Configuration":"RELEASE","DotNetCliVersion":"7.0.203","ChronometerFrequency":{"Hertz":1000000000},"HardwareTimerKind":"Unknown"},"Benchmarks":[{"DisplayInfo":"ChannelMuxBenchmarks.ChannelMux_LoopTryRead: DefaultJob","Namespace":"Benchmarks.InterThread.Benchmark","Type":"ChannelMuxBenchmarks","Method":"ChannelMux_LoopTryRead","MethodTitle":"ChannelMux_LoopTryRead","Parameters":"","FullName":"Benchmarks.InterThread.Benchmark.ChannelMuxBenchmarks.ChannelMux_LoopTryRead","HardwareIntrinsics":"AVX2,AES,BMI1,BMI2,FMA,LZCNT,PCLMUL,POPCNT VectorSize=256","Statistics":{"OriginalValues":[20681540.1875,21262774.5,20273760.28125,21797403.03125,21837051.875,21717836.21875,21866406.09375,20643536.71875,21416901.90625,21046436.25,22431512.78125,21185263.78125,22495201.46875,21511777.71875,20593495.5,20524071.8125,21350174.75,21362592.28125,21418058.90625,20935128.78125,21578477.96875,21788522.53125,21175844.8125,21044704,22254842.1875,21074899.75],"N":26,"Min":20273760.28125,"LowerFence":19956566.2265625,"Q1":21045137.0625,"Median":21356383.515625,"Mean":21356469.849759616,"Q3":21770850.953125,"UpperFence":22859421.7890625,"Max":22495201.46875,"InterquartileRange":725713.890625,"LowerOutliers":[],"UpperOutliers":[],"AllOutliers":[],"StandardError":112830.88946894101,"Variance":331001050077.16187,"StandardDeviation":575326.9071381608,"Skewness":0.15905119078602353,"Kurtosis":2.316819543757312,"ConfidenceInterval":{"N":26,"Mean":21356469.849759616,"StandardError":112830.88946894101,"Level":12,"Margin":420311.3405111314,"Lower":20936158.509248484,"Upper":21776781.190270748},"Percentiles":{"P0":20273760.28125,"P25":21045137.0625,"P50":21356383.515625,"P67":21561802.90625,"P80":21797403.03125,"P85":21844390.4296875,"P90":22060624.140625,"P95":22387345.1328125,"P100":22495201.46875}},"Memory":{"Gen0Collections":39,"Gen1Collections":22,"Gen2Collections":19,"TotalOperations":32,"BytesAllocatedPerOperation":6956826},"Measurements":[{"IterationMode":"Overhead","IterationStage":"Jitting","LaunchIndex":1,"IterationIndex":1,"Operations":1,"Nanoseconds":212005},{"IterationMode":"Workload","IterationStage":"Jitting","LaunchIndex":1,"IterationIndex":1,"Operations":1,"Nanoseconds":37131145},{"IterationMode":"Workload","IterationStage":"Pilot","LaunchIndex":1,"IterationIndex":1,"Operations":2,"Nanoseconds":47861062},{"IterationMode":"Workload","IterationStage":"Pilot","LaunchIndex":1,"IterationIndex":2,"Operations":3,"Nanoseconds":68254556},{"IterationMode":"Workload","IterationStage":"Pilot","LaunchIndex":1,"IterationIndex":3,"Operations":4,"Nanoseconds":90251163},{"IterationMode":"Workload","IterationStage":"Pilot","LaunchIndex":1,"IterationIndex":4,"Operations":5,"Nanoseconds":107410624},{"IterationMode":"Workload","IterationStage":"Pilot","LaunchIndex":1,"IterationIndex":5,"Operations":6,"Nanoseconds":119146001},{"IterationMode":"Workload","IterationStage":"Pilot","LaunchIndex":1,"IterationIndex":6,"Operations":7,"Nanoseconds":128039209},{"IterationMode":"Workload","IterationStage":"Pilot","LaunchIndex":1,"IterationIndex":7,"Operations":8,"Nanoseconds":184803133},{"IterationMode":"Workload","IterationStage":"Pilot","LaunchIndex":1,"IterationIndex":8,"Operations":9,"Nanoseconds":174376142},{"IterationMode":"Workload","IterationStage":"Pilot","LaunchIndex":1,"IterationIndex":9,"Operations":10,"Nanoseconds":226193086},{"IterationMode":"Workload","IterationStage":"Pilot","LaunchIndex":1,"IterationIndex":10,"Operations":11,"Nanoseconds":221037038},{"IterationMode":"Workload","IterationStage":"Pilot","LaunchIndex":1,"IterationIndex":11,"Operations":12,"Nanoseconds":259284760},{"IterationMode":"Workload","IterationStage":"Pilot","LaunchIndex":1,"IterationIndex":12,"Operations":13,"Nanoseconds":278594109},{"IterationMode":"Workload","IterationStage":"Pilot","LaunchIndex":1,"IterationIndex":13,"Operations":14,"Nanoseconds":283137924},{"IterationMode":"Workload","IterationStage":"Pilot","LaunchIndex":1,"IterationIndex":14,"Operations":15,"Nanoseconds":296632744},{"IterationMode":"Workload","IterationStage":"Pilot","LaunchIndex":1,"IterationIndex":15,"Operations":16,"Nanoseconds":322451311},{"IterationMode":"Workload","IterationStage":"Pilot","LaunchIndex":1,"IterationIndex":16,"Operations":32,"Nanoseconds":668350346},{"IterationMode":"Workload","IterationStage":"Warmup","LaunchIndex":1,"IterationIndex":1,"Operations":32,"Nanoseconds":666459787},{"IterationMode":"Workload","IterationStage":"Warmup","LaunchIndex":1,"IterationIndex":2,"Operations":32,"Nanoseconds":655893659},{"IterationMode":"Workload","IterationStage":"Warmup","LaunchIndex":1,"IterationIndex":3,"Operations":32,"Nanoseconds":689036126},{"IterationMode":"Workload","IterationStage":"Warmup","LaunchIndex":1,"IterationIndex":4,"Operations":32,"Nanoseconds":700458325},{"IterationMode":"Workload","IterationStage":"Warmup","LaunchIndex":1,"IterationIndex":5,"Operations":32,"Nanoseconds":700443998},{"IterationMode":"Workload","IterationStage":"Warmup","LaunchIndex":1,"IterationIndex":6,"Operations":32,"Nanoseconds":663797827},{"IterationMode":"Workload","IterationStage":"Warmup","LaunchIndex":1,"IterationIndex":7,"Operations":32,"Nanoseconds":668099836},{"IterationMode":"Workload","IterationStage":"Warmup","LaunchIndex":1,"IterationIndex":8,"Operations":32,"Nanoseconds":650063208},{"IterationMode":"Workload","IterationStage":"Actual","LaunchIndex":1,"IterationIndex":1,"Operations":32,"Nanoseconds":661809286},{"IterationMode":"Workload","IterationStage":"Actual","LaunchIndex":1,"IterationIndex":2,"Operations":32,"Nanoseconds":680408784},{"IterationMode":"Workload","IterationStage":"Actual","LaunchIndex":1,"IterationIndex":3,"Operations":32,"Nanoseconds":648760329},{"IterationMode":"Workload","IterationStage":"Actual","LaunchIndex":1,"IterationIndex":4,"Operations":32,"Nanoseconds":697516897},{"IterationMode":"Workload","IterationStage":"Actual","LaunchIndex":1,"IterationIndex":5,"Operations":32,"Nanoseconds":698785660},{"IterationMode":"Workload","IterationStage":"Actual","LaunchIndex":1,"IterationIndex":6,"Operations":32,"Nanoseconds":694970759},{"IterationMode":"Workload","IterationStage":"Actual","LaunchIndex":1,"IterationIndex":7,"Operations":32,"Nanoseconds":699724995},{"IterationMode":"Workload","IterationStage":"Actual","LaunchIndex":1,"IterationIndex":8,"Operations":32,"Nanoseconds":660593175},{"IterationMode":"Workload","IterationStage":"Actual","LaunchIndex":1,"IterationIndex":9,"Operations":32,"Nanoseconds":685340861},{"IterationMode":"Workload","IterationStage":"Actual","LaunchIndex":1,"IterationIndex":10,"Operations":32,"Nanoseconds":673485960},{"IterationMode":"Workload","IterationStage":"Actual","LaunchIndex":1,"IterationIndex":11,"Operations":32,"Nanoseconds":717808409},{"IterationMode":"Workload","IterationStage":"Actual","LaunchIndex":1,"IterationIndex":12,"Operations":32,"Nanoseconds":677928441},{"IterationMode":"Workload","IterationStage":"Actual","LaunchIndex":1,"IterationIndex":13,"Operations":32,"Nanoseconds":719846447},{"IterationMode":"Workload","IterationStage":"Actual","LaunchIndex":1,"IterationIndex":14,"Operations":32,"Nanoseconds":688376887},{"IterationMode":"Workload","IterationStage":"Actual","LaunchIndex":1,"IterationIndex":15,"Operations":32,"Nanoseconds":658991856},{"IterationMode":"Workload","IterationStage":"Actual","LaunchIndex":1,"IterationIndex":16,"Operations":32,"Nanoseconds":656770298},{"IterationMode":"Workload","IterationStage":"Actual","LaunchIndex":1,"IterationIndex":17,"Operations":32,"Nanoseconds":683205592},{"IterationMode":"Workload","IterationStage":"Actual",