{"Title":"BenchmarkRun-joined-2023-05-21-05-54-51","HostEnvironmentInfo":{"BenchmarkDotNetCaption":"BenchmarkDotNet","BenchmarkDotNetVersion":"0.13.5","OsVersion":"ubuntu 22.04","ProcessorName":"Intel Core i5-8600K CPU 3.60GHz (Coffee Lake)","PhysicalProcessorCount":1,"PhysicalCoreCount":6,"LogicalCoreCount":6,"RuntimeVersion":".NET 7.0.5 (7.0.523.17405)","Architecture":"X64","HasAttachedDebugger":false,"HasRyuJit":true,"Configuration":"RELEASE","DotNetCliVersion":"7.0.203","ChronometerFrequency":{"Hertz":1000000000},"HardwareTimerKind":"Unknown"},"Benchmarks":[{"DisplayInfo":"ChannelMuxBenchmarks.ChannelMux_LoopTryRead: DefaultJob","Namespace":"Benchmarks.InterThread.Benchmark","Type":"ChannelMuxBenchmarks","Method":"ChannelMux_LoopTryRead","MethodTitle":"ChannelMux_LoopTryRead","Parameters":"","FullName":"Benchmarks.InterThread.Benchmark.ChannelMuxBenchmarks.ChannelMux_LoopTryRead","HardwareIntrinsics":"AVX2,AES,BMI1,BMI2,FMA,LZCNT,PCLMUL,POPCNT VectorSize=256","Statistics":{"OriginalValues":[15300266.7890625,15215403.0703125,15148661.6484375,15422922.9921875,15012487.7421875,14984974.7578125,15079968.3515625,15013318.4921875,15184008.7578125,15221621.8984375,15133830.0234375,15409403.8046875,15065756.6640625,15356849.1953125,15234345.3671875],"N":15,"Min":14984974.7578125,"LowerFence":14781197.15234375,"Q1":15072862.5078125,"Median":15184008.7578125,"Mean":15185587.9703125,"Q3":15267306.078125,"UpperFence":15558971.43359375,"Max":15422922.9921875,"InterquartileRange":194443.5703125,"LowerOutliers":[],"UpperOutliers":[],"AllOutliers":[],"StandardError":36704.34307015344,"Variance":20208132003.17281,"StandardDeviation":142155.30944418788,"Skewness":0.22835565001715785,"Kurtosis":1.7078483796563937,"ConfidenceInterval":{"N":15,"Mean":15185587.9703125,"StandardError":36704.34307015344,"Level":12,"Margin":151972.64822923022,"Lower":15033615.32208327,"Upper":15337560.61854173},"Percentiles":{"P0":14984974.7578125,"P25":15072862.5078125,"P50":15184008.7578125,"P67":15226456.8165625,"P80":15311583.2703125,"P85":15351190.9546875,"P90":15388381.9609375,"P95":15413459.5609375,"P100":15422922.9921875}},"Memory":{"Gen0Collections":70,"Gen1Collections":26,"Gen2Collections":20,"TotalOperations":64,"BytesAllocatedPerOperation":5334845},"Measurements":[{"IterationMode":"Overhead","IterationStage":"Jitting","LaunchIndex":1,"IterationIndex":1,"Operations":1,"Nanoseconds":203020},{"IterationMode":"Workload","IterationStage":"Jitting","LaunchIndex":1,"IterationIndex":1,"Operations":1,"Nanoseconds":31538596},{"IterationMode":"Overhead","IterationStage":"Jitting","LaunchIndex":1,"IterationIndex":2,"Operations":16,"Nanoseconds":183275},{"IterationMode":"Workload","IterationStage":"Jitting","LaunchIndex":1,"IterationIndex":2,"Operations":16,"Nanoseconds":282178849},{"IterationMode":"Workload","IterationStage":"Pilot","LaunchIndex":1,"IterationIndex":1,"Operations":16,"Nanoseconds":246003083},{"IterationMode":"Workload","IterationStage":"Pilot","LaunchIndex":1,"IterationIndex":2,"Operations":32,"Nanoseconds":491013341},{"IterationMode":"Workload","IterationStage":"Pilot","LaunchIndex":1,"IterationIndex":3,"Operations":64,"Nanoseconds":977281577},{"IterationMode":"Overhead","IterationStage":"Warmup","LaunchIndex":1,"IterationIndex":1,"Operations":64,"Nanoseconds":1626},{"IterationMode":"Overhead","IterationStage":"Warmup","LaunchIndex":1,"IterationIndex":2,"Operations":64,"Nanoseconds":631},{"IterationMode":"Overhead","IterationStage":"Warmup","LaunchIndex":1,"IterationIndex":3,"Operations":64,"Nanoseconds":498},{"IterationMode":"Overhead","IterationStage":"Warmup","LaunchIndex":1,"IterationIndex":4,"Operations":64,"Nanoseconds":484},{"IterationMode":"Overhead","IterationStage":"Warmup","LaunchIndex":1,"IterationIndex":5,"Operations":64,"Nanoseconds":521},{"IterationMode":"Overhead","IterationStage":"Warmup","LaunchIndex":1,"IterationIndex":6,"Operations":64,"Nanoseconds":496},{"IterationMode":"Overhead","IterationStage":"Warmup","LaunchIndex":1,"IterationIndex":7,"Operations":64,"Nanoseconds":489},{"IterationMode":"Overhead","IterationStage":"Warmup","LaunchIndex":1,"IterationIndex":8,"Operations":64,"Nanoseconds":462},{"IterationMode":"Overhead","IterationStage":"Warmup","LaunchIndex":1,"IterationIndex":9,"Operations":64,"Nanoseconds":453},{"IterationMode":"Overhead","IterationStage":"Warmup","LaunchIndex":1,"IterationIndex":10,"Operations":64,"Nanoseconds":489},{"IterationMode":"Overhead","IterationStage":"Actual","LaunchIndex":1,"IterationIndex":1,"Operations":64,"Nanoseconds":525},{"IterationMode":"Overhead","IterationStage":"Actual","LaunchIndex":1,"IterationIndex":2,"Operations":64,"Nanoseconds":569},{"IterationMode":"Overhead","IterationStage":"Actual","LaunchIndex":1,"IterationIndex":3,"Operations":64,"Nanoseconds":602},{"IterationMode":"Overhead","IterationStage":"Actual","LaunchIndex":1,"IterationIndex":4,"Operations":64,"Nanoseconds":568},{"IterationMode":"Overhead","IterationStage":"Actual","LaunchIndex":1,"IterationIndex":5,"Operations":64,"Nanoseconds":945},{"IterationMode":"Overhead","IterationStage":"Actual","LaunchIndex":1,"IterationIndex":6,"Operations":64,"Nanoseconds":537},{"IterationMode":"Overhead","IterationStage":"Actual","LaunchIndex":1,"IterationIndex":7,"Operations":64,"Nanoseconds":496},{"IterationMode":"Overhead","IterationStage":"Actual","LaunchIndex":1,"IterationIndex":8,"Operations":64,"Nanoseconds":496},{"IterationMode":"Overhead","IterationStage":"Actual","LaunchIndex":1,"IterationIndex":9,"Operations":64,"Nanoseconds":495},{"IterationMode":"Overhead","IterationStage":"Actual","LaunchIndex":1,"IterationIndex":10,"Operations":64,"Nanoseconds":488},{"IterationMode":"Overhead","IterationStage":"Actual","LaunchIndex":1,"IterationIndex":11,"Operations":64,"Nanoseconds":485},{"IterationMode":"Overhead","IterationStage":"Actual","LaunchIndex":1,"IterationIndex":12,"Operations":64,"Nanoseconds":467},{"IterationMode":"Overhead","IterationStage":"Actual","LaunchIndex":1,"IterationIndex":13,"Operations":64,"Nanoseconds":514},{"IterationMode":"Overhead","IterationStage":"Actual","LaunchIndex":1,"IterationIndex":14,"Operations":64,"Nanoseconds":504},{"IterationMode":"Overhead","IterationStage":"Actual","LaunchIndex":1,"IterationIndex":15,"Operations":64,"Nanoseconds":500},{"IterationMode":"Overhead","IterationStage":"Actual","LaunchIndex":1,"IterationIndex":16,"Operations":64,"Nanoseconds":1076},{"IterationMode":"Overhead","IterationStage":"Actual","LaunchIndex":1,"IterationIndex":17,"Operations":64,"Nanoseconds":853},{"IterationMode":"Overhead","IterationStage":"Actual","LaunchIndex":1,"IterationIndex":18,"Operations":64,"Nanoseconds":527},{"IterationMode":"Overhead","IterationStage":"Actual","LaunchIndex":1,"IterationIndex":19,"Operations":64,"Nanoseconds":513},{"IterationMode":"Overhead","IterationStage":"Actual","LaunchIndex":1,"IterationIndex":20,"Operations":64,"Nanoseconds":469},{"IterationMode":"Workload","IterationStage":"Warmup","LaunchIndex":1,"IterationIndex":1,"Operations":64,"Nanoseconds":968144077},{"IterationMode":"Workload","IterationStage":"Warmup","LaunchIndex":1,"IterationIndex":2,"Operations":64,"Nanoseconds":971966510},{"IterationMode":"Workload","IterationStage":"Warmup","LaunchIndex":1,"IterationIndex":3,"Operations":64,"Nanoseconds":982247654},{"IterationMode":"Workload","IterationStage":"Warmup","LaunchIndex":1,"IterationIndex":4,"Operations":64,"Nanoseconds":991264692},{"IterationMode":"Workload","IterationStage":"Warmup","LaunchIndex":1,"IterationIndex":5,"Operations":64,"Nanoseconds":958447931},{"IterationMode":"Workload","IterationStage":"Warmup","LaunchIndex":1,"IterationIndex":6,"Operations":64,"Nanoseconds":983075214},{"IterationMode":"Workload","IterationStage":"Warmup","LaunchIndex":1,"IterationIndex":7,"Operations":64,"Nanoseconds":987206348},{"IterationMode":"Workload","IterationStage":"Warmup","LaunchIndex":1,"IterationIndex":8,"Operations":64,"Nanoseconds":962030631},{"IterationMode":"Workload",