{"Title":"BenchmarkRun-joined-2023-05-21-06-00-54","HostEnvironmentInfo":{"BenchmarkDotNetCaption":"BenchmarkDotNet","BenchmarkDotNetVersion":"0.13.5","OsVersion":"ubuntu 22.04","ProcessorName":"Intel Core i5-8600K CPU 3.60GHz (Coffee Lake)","PhysicalProcessorCount":1,"PhysicalCoreCount":6,"LogicalCoreCount":6,"RuntimeVersion":".NET 7.0.5 (7.0.523.17405)","Architecture":"X64","HasAttachedDebugger":false,"HasRyuJit":true,"Configuration":"RELEASE","DotNetCliVersion":"7.0.203","ChronometerFrequency":{"Hertz":1000000000},"HardwareTimerKind":"Unknown"},"Benchmarks":[{"DisplayInfo":"ChannelMuxBenchmarks.ChannelMux_LoopTryRead: DefaultJob","Namespace":"Benchmarks.InterThread.Benchmark","Type":"ChannelMuxBenchmarks","Method":"ChannelMux_LoopTryRead","MethodTitle":"ChannelMux_LoopTryRead","Parameters":"","FullName":"Benchmarks.InterThread.Benchmark.ChannelMuxBenchmarks.ChannelMux_LoopTryRead","HardwareIntrinsics":"AVX2,AES,BMI1,BMI2,FMA,LZCNT,PCLMUL,POPCNT VectorSize=256","Statistics":{"OriginalValues":[15878360.265625,15958391.640625,15997141.234375,16053918.734375,15829062.171875,15698103.046875,16046517.171875,15477588.203125,15590867.890625,15516283.734375,15572531.609375,15826699.109375,15312173.609375,15677517.546875,16251008.703125],"N":15,"Min":15312173.609375,"LowerFence":14987599.71875,"Q1":15581699.75,"Median":15826699.109375,"Mean":15779077.644791666,"Q3":15977766.4375,"UpperFence":16571866.46875,"Max":16251008.703125,"InterquartileRange":396066.6875,"LowerOutliers":[],"UpperOutliers":[],"AllOutliers":[],"StandardError":66798.21779818593,"Variance":66930028515.20827,"StandardDeviation":258708.38508871,"Skewness":-0.007896874694926264,"Kurtosis":1.8990888012215665,"ConfidenceInterval":{"N":15,"Mean":15779077.644791666,"StandardError":66798.21779818593,"Level":12,"Margin":276574.9556225685,"Lower":15502502.689169098,"Upper":16055652.600414235},"Percentiles":{"P0":15312173.609375,"P25":15581699.75,"P50":15826699.109375,"P67":15908772.188125,"P80":16007016.421875,"P85":16041579.578125,"P90":16050958.109375,"P95":16113045.725000001,"P100":16251008.703125}},"Memory":{"Gen0Collections":37,"Gen1Collections":29,"Gen2Collections":28,"TotalOperations":32,"BytesAllocatedPerOperation":8024367},"Measurements":[{"IterationMode":"Overhead","IterationStage":"Jitting","LaunchIndex":1,"IterationIndex":1,"Operations":1,"Nanoseconds":207144},{"IterationMode":"Workload","IterationStage":"Jitting","LaunchIndex":1,"IterationIndex":1,"Operations":1,"Nanoseconds":31643076},{"IterationMode":"Overhead","IterationStage":"Jitting","LaunchIndex":1,"IterationIndex":2,"Operations":16,"Nanoseconds":185030},{"IterationMode":"Workload","IterationStage":"Jitting","LaunchIndex":1,"IterationIndex":2,"Operations":16,"Nanoseconds":291511705},{"IterationMode":"Workload","IterationStage":"Pilot","LaunchIndex":1,"IterationIndex":1,"Operations":16,"Nanoseconds":263460579},{"IterationMode":"Workload","IterationStage":"Pilot","LaunchIndex":1,"IterationIndex":2,"Operations":32,"Nanoseconds":514031601},{"IterationMode":"Overhead","IterationStage":"Warmup","LaunchIndex":1,"IterationIndex":1,"Operations":32,"Nanoseconds":1728},{"IterationMode":"Overhead","IterationStage":"Warmup","LaunchIndex":1,"IterationIndex":2,"Operations":32,"Nanoseconds":520},{"IterationMode":"Overhead","IterationStage":"Warmup","LaunchIndex":1,"IterationIndex":3,"Operations":32,"Nanoseconds":517},{"IterationMode":"Overhead","IterationStage":"Warmup","LaunchIndex":1,"IterationIndex":4,"Operations":32,"Nanoseconds":412},{"IterationMode":"Overhead","IterationStage":"Warmup","LaunchIndex":1,"IterationIndex":5,"Operations":32,"Nanoseconds":435},{"IterationMode":"Overhead","IterationStage":"Warmup","LaunchIndex":1,"IterationIndex":6,"Operations":32,"Nanoseconds":381},{"IterationMode":"Overhead","IterationStage":"Warmup","LaunchIndex":1,"IterationIndex":7,"Operations":32,"Nanoseconds":410},{"IterationMode":"Overhead","IterationStage":"Warmup","LaunchIndex":1,"IterationIndex":8,"Operations":32,"Nanoseconds":394},{"IterationMode":"Overhead","IterationStage":"Actual","LaunchIndex":1,"IterationIndex":1,"Operations":32,"Nanoseconds":484},{"IterationMode":"Overhead","IterationStage":"Actual","LaunchIndex":1,"IterationIndex":2,"Operations":32,"Nanoseconds":485},{"IterationMode":"Overhead","IterationStage":"Actual","LaunchIndex":1,"IterationIndex":3,"Operations":32,"Nanoseconds":521},{"IterationMode":"Overhead","IterationStage":"Actual","LaunchIndex":1,"IterationIndex":4,"Operations":32,"Nanoseconds":608},{"IterationMode":"Overhead","IterationStage":"Actual","LaunchIndex":1,"IterationIndex":5,"Operations":32,"Nanoseconds":580},{"IterationMode":"Overhead","IterationStage":"Actual","LaunchIndex":1,"IterationIndex":6,"Operations":32,"Nanoseconds":426},{"IterationMode":"Overhead","IterationStage":"Actual","LaunchIndex":1,"IterationIndex":7,"Operations":32,"Nanoseconds":425},{"IterationMode":"Overhead","IterationStage":"Actual","LaunchIndex":1,"IterationIndex":8,"Operations":32,"Nanoseconds":390},{"IterationMode":"Overhead","IterationStage":"Actual","LaunchIndex":1,"IterationIndex":9,"Operations":32,"Nanoseconds":390},{"IterationMode":"Overhead","IterationStage":"Actual","LaunchIndex":1,"IterationIndex":10,"Operations":32,"Nanoseconds":409},{"IterationMode":"Overhead","IterationStage":"Actual","LaunchIndex":1,"IterationIndex":11,"Operations":32,"Nanoseconds":358},{"IterationMode":"Overhead","IterationStage":"Actual","LaunchIndex":1,"IterationIndex":12,"Operations":32,"Nanoseconds":393},{"IterationMode":"Overhead","IterationStage":"Actual","LaunchIndex":1,"IterationIndex":13,"Operations":32,"Nanoseconds":420},{"IterationMode":"Overhead","IterationStage":"Actual","LaunchIndex":1,"IterationIndex":14,"Operations":32,"Nanoseconds":399},{"IterationMode":"Overhead","IterationStage":"Actual","LaunchIndex":1,"IterationIndex":15,"Operations":32,"Nanoseconds":413},{"IterationMode":"Overhead","IterationStage":"Actual","LaunchIndex":1,"IterationIndex":16,"Operations":32,"Nanoseconds":429},{"IterationMode":"Overhead","IterationStage":"Actual","LaunchIndex":1,"IterationIndex":17,"Operations":32,"Nanoseconds":400},{"IterationMode":"Overhead","IterationStage":"Actual","LaunchIndex":1,"IterationIndex":18,"Operations":32,"Nanoseconds":519},{"IterationMode":"Overhead","IterationStage":"Actual","LaunchIndex":1,"IterationIndex":19,"Operations":32,"Nanoseconds":1054},{"IterationMode":"Overhead","IterationStage":"Actual","LaunchIndex":1,"IterationIndex":20,"Operations":32,"Nanoseconds":742},{"IterationMode":"Workload","IterationStage":"Warmup","LaunchIndex":1,"IterationIndex":1,"Operations":32,"Nanoseconds":505310948},{"IterationMode":"Workload","IterationStage":"Warmup","LaunchIndex":1,"IterationIndex":2,"Operations":32,"Nanoseconds":534231627},{"IterationMode":"Workload","IterationStage":"Warmup","LaunchIndex":1,"IterationIndex":3,"Operations":32,"Nanoseconds":529842141},{"IterationMode":"Workload","IterationStage":"Warmup","LaunchIndex":1,"IterationIndex":4,"Operations":32,"Nanoseconds":537618497},{"IterationMode":"Workload","IterationStage":"Warmup","LaunchIndex":1,"IterationIndex":5,"Operations":32,"Nanoseconds":523652300},{"IterationMode":"Workload","IterationStage":"Warmup","LaunchIndex":1,"IterationIndex":6,"Operations":32,"Nanoseconds":532703082},{"IterationMode":"Workload","IterationStage":"Actual","LaunchIndex":1,"IterationIndex":1,"Operations":32,"Nanoseconds":508107954},{"IterationMode":"Workload","IterationStage":"Actual","LaunchIndex":1,"IterationIndex":2,"Operations":32,"Nanoseconds":510668958},{"IterationMode":"Workload","IterationStage":"Actual","LaunchIndex":1,"IterationIndex":3,"Operations":32,"Nanoseconds":511908945},{"IterationMode":"Workload","IterationStage":"Actual","LaunchIndex":1,"IterationIndex":4,"Operations":32,"Nanoseconds":513725825},{"IterationMode":"Workload","IterationStage":"Actual","LaunchIndex":1,"IterationIndex":5,"Operations":32,"Nanoseconds":506530415},{"IterationMode":"Workload","IterationStage":"Actual","LaunchIndex":1,